{"options":{"check_for_updates":true,"comment":null,"compat_foreach":false,"compat_metadata":false,"compat_powerful_this":null,"compat_prototypes":false,"compat_wrappedjsobject":false,"compatopts_for_requires":true,"noframes":null,"override":{"merge_connects":true,"merge_excludes":true,"merge_includes":true,"merge_matches":true,"orig_connects":[],"orig_excludes":[],"orig_includes":[],"orig_matches":["*://www.zhihu.com/question/*","*://www2.zhihu.com/question/*","*://www.zhihu.com/search*","*://www.zhihu.com/hot","*://www.zhihu.com/follow","*://www.zhihu.com/","*://zhuanlan.zhihu.com/*","*://www.zhihu.com/signin*"],"orig_noframes":null,"orig_run_at":"document-end","use_blockers":[],"use_connects":[],"use_excludes":[],"use_includes":[],"use_matches":[]},"run_at":null,"tab_types":null,"unwrap":null},"settings":{"enabled":false,"position":7},"meta":{"name":"极简知乎","uuid":"8aed39be-6278-43ee-8f21-6a7f180bad7b","modified":1631961089084,"file_url":"https://greasyfork.org/scripts/37823-%E6%9E%81%E7%AE%80%E7%9F%A5%E4%B9%8E/code/%E6%9E%81%E7%AE%80%E7%9F%A5%E4%B9%8E.user.js"}}