{"options":{"check_for_updates":true,"comment":null,"compat_foreach":false,"compat_metadata":false,"compat_powerful_this":null,"compat_prototypes":false,"compat_wrappedjsobject":false,"compatopts_for_requires":true,"noframes":null,"override":{"merge_connects":true,"merge_excludes":true,"merge_includes":true,"merge_matches":true,"orig_excludes":[],"orig_includes":["*://pan.baidu.com/*"],"orig_matches":["*://pan.baidu.com/*"],"orig_noframes":null,"orig_run_at":"document-idle","use_blockers":[],"use_connects":[],"use_excludes":[],"use_includes":[],"use_matches":[]},"run_at":null,"tab_types":null,"unwrap":null},"settings":{"enabled":true,"position":10},"meta":{"name":"百度网盘网页版隐藏“我的卡包”、“我的应用数据”和“已购资源”","uuid":"bb222300-652f-4e5d-a77d-a384efd8ba16","modified":1611118062170,"file_url":"https://greasyfork.org/scripts/371821-%E7%99%BE%E5%BA%A6%E7%BD%91%E7%9B%98%E7%BD%91%E9%A1%B5%E7%89%88%E9%9A%90%E8%97%8F-%E6%88%91%E7%9A%84%E5%8D%A1%E5%8C%85-%E6%88%91%E7%9A%84%E5%BA%94%E7%94%A8%E6%95%B0%E6%8D%AE-%E5%92%8C-%E5%B7%B2%E8%B4%AD%E8%B5%84%E6%BA%90/code/%E7%99%BE%E5%BA%A6%E7%BD%91%E7%9B%98%E7%BD%91%E9%A1%B5%E7%89%88%E9%9A%90%E8%97%8F%E2%80%9C%E6%88%91%E7%9A%84%E5%8D%A1%E5%8C%85%E2%80%9D%E3%80%81%E2%80%9C%E6%88%91%E7%9A%84%E5%BA%94%E7%94%A8%E6%95%B0%E6%8D%AE%E2%80%9D%E5%92%8C%E2%80%9C%E5%B7%B2%E8%B4%AD%E8%B5%84%E6%BA%90%E2%80%9D.user.js"}}