{"options":{"check_for_updates":true,"comment":null,"compat_foreach":false,"compat_metadata":false,"compat_powerful_this":null,"compat_prototypes":false,"compat_wrappedjsobject":false,"compatopts_for_requires":true,"noframes":null,"override":{"merge_connects":true,"merge_excludes":true,"merge_includes":true,"merge_matches":true,"orig_connects":["zhihu.com","vzuu.com"],"orig_excludes":[],"orig_includes":[],"orig_matches":["https://*.zhihu.com/*","https://v.vzuu.com/video/*","https://video.zhihu.com/video/*"],"orig_noframes":null,"orig_run_at":"document-end","use_blockers":[],"use_connects":[],"use_excludes":[],"use_includes":[],"use_matches":[]},"run_at":null,"tab_types":null,"unwrap":null},"settings":{"enabled":true,"position":8},"meta":{"name":"知乎网页助手","uuid":"d6b85dc5-2dd4-4217-a397-b36fb0e85ca3","modified":1629262442575,"file_url":"https://greasyfork.org/scripts/384172-%E7%9F%A5%E4%B9%8E%E7%BD%91%E9%A1%B5%E5%8A%A9%E6%89%8B-5%E5%A4%A7%E5%8A%9F%E8%83%BD%E9%9B%86%E4%BA%8E%E4%B8%80%E8%BA%AB/code/%E7%9F%A5%E4%B9%8E%E7%BD%91%E9%A1%B5%E5%8A%A9%E6%89%8B%EF%BC%8C5%E5%A4%A7%E5%8A%9F%E8%83%BD%E9%9B%86%E4%BA%8E%E4%B8%80%E8%BA%AB.user.js"}}