{"options":{"check_for_updates":true,"comment":null,"compat_foreach":false,"compat_metadata":false,"compat_powerful_this":null,"compat_prototypes":false,"compat_wrappedjsobject":false,"compatopts_for_requires":true,"noframes":null,"override":{"merge_connects":true,"merge_excludes":true,"merge_includes":true,"merge_matches":true,"orig_connects":["lens.zhihu.com","api.zhihu.com","www.zhihu.com","unpkg.zhimg.com"],"orig_excludes":[],"orig_includes":[],"orig_matches":["https://www.zhihu.com/question/*/answer/*","https://zhuanlan.zhihu.com/p/*","https://www.zhihu.com/pin/*"],"orig_noframes":null,"orig_run_at":"document-idle","use_blockers":[],"use_connects":[],"use_excludes":[],"use_includes":[],"use_matches":[]},"run_at":null,"tab_types":null,"unwrap":null},"settings":{"enabled":true,"position":6},"meta":{"name":"知乎重排for印象笔记","uuid":"1351b85d-bc08-4aaa-8b82-1f759e60089b","modified":1662712473094,"file_url":"https://greasyfork.org/scripts/372064-%E7%9F%A5%E4%B9%8E%E9%87%8D%E6%8E%92for%E5%8D%B0%E8%B1%A1%E7%AC%94%E8%AE%B0/code/%E7%9F%A5%E4%B9%8E%E9%87%8D%E6%8E%92for%E5%8D%B0%E8%B1%A1%E7%AC%94%E8%AE%B0.user.js"}}