{"options":{"check_for_updates":true,"comment":null,"compat_foreach":false,"compat_metadata":false,"compat_powerful_this":null,"compat_wrappedjsobject":false,"compatopts_for_requires":true,"noframes":null,"override":{"merge_connects":true,"merge_excludes":true,"merge_includes":true,"merge_matches":true,"orig_connects":["eemm.me"],"orig_excludes":["*www.bilibili.com/video*","*www.bilibili.com/v*","*www.bilibili.com/s/*","*www.bilibili.com/bangumi*","https://www.bilibili.com/medialist/play/*","*www.youtube.com/watch*","*www.panda.tv*","*www.github.com*","https://lanhuapp.com/*","https://www.douyu.com/*","https://www.zhihu.com/signin?*","https://tieba.baidu.com/*","https://v.qq.com/*","*.taobao.com/*","*tmall.com*","*signin*"],"orig_includes":[],"orig_matches":["*://*/*"],"orig_noframes":null,"orig_run_at":"document-start","use_blockers":[],"use_connects":[],"use_excludes":[],"use_includes":[],"use_matches":[]},"run_at":null,"sandbox":null,"tab_types":null,"unwrap":null},"settings":{"enabled":true,"position":2},"meta":{"name":"网页限制解除(改)","uuid":"76f81164-374e-40e6-9f79-d0d34e623c84","modified":1674291798010,"file_url":"https://greasyfork.org/scripts/28497-remove-web-limits-modified/code/Remove%20web%20limits(modified).user.js"}}